N/A (less than 16 years old/NILF who last worked more than 5 years ago or never worked);Unemployed;Unemployed;Unemployed;*
MGR-Chief Executives And Legislators;Management;Management, Business, and Financial;Nontechnical;*
MGR-General And Operations Managers;Management;Management, Business, and Financial;Nontechnical;*
MGR-Advertising And Promotions Managers;Management;Management, Business, and Financial;Nontechnical;*
MGR-Marketing Managers;Management;Management, Business, and Financial;Nontechnical;*
MGR-Sales Managers;Management;Management, Business, and Financial;Nontechnical;*
MGR-Public Relations And Fundraising Managers;Management;Management, Business, and Financial;Nontechnical;*
MGR-Administrative Services Managers;Management;Management, Business, and Financial;Nontechnical;*
MGR-Facilities Managers;Management;Management, Business, and Financial;Nontechnical;*
MGR-Computer And Information Systems Managers;Management;Management, Business, and Financial;Nontechnical;*
MGR-Financial Managers;Management;Management, Business, and Financial;Nontechnical;*
MGR-Compensation And Benefits Managers;Management;Management, Business, and Financial;Nontechnical;*
MGR-Human Resources Managers;Management;Management, Business, and Financial;Nontechnical;*
MGR-Training And Development Managers;Management;Management, Business, and Financial;Nontechnical;*
MGR-Industrial Production Managers;Management;Management, Business, and Financial;Nontechnical;*
MGR-Purchasing Managers;Management;Management, Business, and Financial;Nontechnical;*
MGR-Transportation, Storage, And Distribution Managers;Management;Management, Business, and Financial;Nontechnical;*
MGR-Farmers, Ranchers, And Other Agricultural Managers;Management;Management, Business, and Financial;Nontechnical;*
MGR-Construction Managers;Management;Management, Business, and Financial;Nontechnical;*
MGR-Education And Childcare Administrators;Management;Management, Business, and Financial;Nontechnical;*
MGR-Architectural And Engineering Managers;Management;Management, Business, and Financial;Nontechnical;*
MGR-Food Service Managers;Management;Management, Business, and Financial;Nontechnical;*
MGR-Entertainment and Recreation Managers;Management;Management, Business, and Financial;Nontechnical;*
MGR-Lodging Managers;Management;Management, Business, and Financial;Nontechnical;*
MGR-Medical And Health Services Managers;Management;Management, Business, and Financial;Nontechnical;*
MGR-Natural Sciences Managers;Management;Management, Business, and Financial;Nontechnical;*
MGR-Property, Real Estate, And Community Association Managers;Management;Management, Business, and Financial;Nontechnical;*
MGR-Social And Community Service Managers;Management;Management, Business, and Financial;Nontechnical;*
MGR-Emergency Management Directors;Management;Management, Business, and Financial;Nontechnical;*
MGR-Other Managers;Management;Management, Business, and Financial;Nontechnical;*
BUS-Agents And Business Managers Of Artists, Performers, And Athletes;Business;Management, Business, and Financial;Nontechnical;*
BUS-Buyers And Purchasing Agents, Farm Products;Business;Management, Business, and Financial;Nontechnical;*
BUS-Wholesale And Retail Buyers, Except Farm Products;Business;Management, Business, and Financial;Nontechnical;*
BUS-Purchasing Agents, Except Wholesale, Retail, And Farm Products;Business;Management, Business, and Financial;Nontechnical;*
BUS-Claims Adjusters, Appraisers, Examiners, And Investigators;Business;Management, Business, and Financial;Nontechnical;*
BUS-Compliance Officers;Business;Management, Business, and Financial;Nontechnical;*
BUS-Cost Estimators;Business;Management, Business, and Financial;Nontechnical;*
BUS-Human Resources Workers;Business;Management, Business, and Financial;Nontechnical;*
BUS-Compensation, Benefits, And Job Analysis Specialists;Business;Management, Business, and Financial;Nontechnical;*
BUS-Training And Development Specialists;Business;Management, Business, and Financial;Nontechnical;*
BUS-Logisticians;Business;Management, Business, and Financial;Nontechnical;*
BUS-Project Management Specialists;Business;Management, Business, and Financial;Nontechnical;*
BUS-Management Analysts;Business;Management, Business, and Financial;Nontechnical;*
BUS-Meeting, Convention, And Event Planners;Business;Management, Business, and Financial;Nontechnical;*
BUS-Fundraisers;Business;Management, Business, and Financial;Nontechnical;*
BUS-Market Research Analysts And Marketing Specialists;Business;Management, Business, and Financial;Nontechnical;*
BUS-Business Operations Specialists, All Other;Business;Management, Business, and Financial;Nontechnical;*
FIN-Accountants And Auditors;Financial;Management, Business, and Financial;Nontechnical;*
FIN-Property Appraisers and Assessors;Financial;Management, Business, and Financial;Nontechnical;*
FIN-Budget Analysts;Financial;Management, Business, and Financial;Nontechnical;*
FIN-Credit Analysts;Financial;Management, Business, and Financial;Nontechnical;*
FIN-Financial And Investment Analysts;Financial;Management, Business, and Financial;Nontechnical;*
FIN-Personal Financial Advisors;Financial;Management, Business, and Financial;Nontechnical;*
FIN-Insurance Underwriters;Financial;Management, Business, and Financial;Nontechnical;*
FIN-Financial Examiners;Financial;Management, Business, and Financial;Nontechnical;*
FIN-Credit Counselors And Loan Officers;Financial;Management, Business, and Financial;Nontechnical;*
FIN-Tax Examiners And Collectors, And Revenue Agents;Financial;Management, Business, and Financial;Nontechnical;*
FIN-Tax Preparers;Financial;Management, Business, and Financial;Nontechnical;*
FIN-Other Financial Specialists;Financial;Management, Business, and Financial;Nontechnical;*
CMM-Computer And Information Research Scientists;Computer and mathematical;Computer, Engineering, and Science;Technical;*
CMM-Computer Systems Analysts;Computer and mathematical;Computer, Engineering, and Science;Technical;*
CMM-Information Security Analysts;Computer and mathematical;Computer, Engineering, and Science;Technical;*
CMM-Computer Programmers;Computer and mathematical;Computer, Engineering, and Science;Technical;*
CMM-Software Developers;Computer and mathematical;Computer, Engineering, and Science;Technical;*
CMM-Software Quality Assurance Analysts and Testers;Computer and mathematical;Computer, Engineering, and Science;Technical;*
CMM-Web Developers;Computer and mathematical;Computer, Engineering, and Science;Technical;*
CMM-Web And Digital Interface Designers;Computer and mathematical;Computer, Engineering, and Science;Technical;*
CMM-Computer Support Specialists;Computer and mathematical;Computer, Engineering, and Science;Technical;*
CMM-Database Administrators and Architects;Computer and mathematical;Computer, Engineering, and Science;Technical;*
CMM-Network And Computer Systems Administrators;Computer and mathematical;Computer, Engineering, and Science;Technical;*
CMM-Computer Network Architects;Computer and mathematical;Computer, Engineering, and Science;Technical;*
CMM-Computer Occupations, All Other;Computer and mathematical;Computer, Engineering, and Science;Technical;*
CMM-Actuaries;Computer and mathematical;Computer, Engineering, and Science;Technical;*
CMM-Operations Research Analysts;Computer and mathematical;Computer, Engineering, and Science;Technical;*
CMM-Other Mathematical Science Occupations;Computer and mathematical;Computer, Engineering, and Science;Technical;*
ENG-Architects, Except Landscape And Naval;Architecture and Engineering;Computer, Engineering, and Science;Technical;*
ENG-Landscape Architects;Architecture and Engineering;Computer, Engineering, and Science;Technical;*
ENG-Surveyors, Cartographers, And Photogrammetrists;Architecture and Engineering;Computer, Engineering, and Science;Technical;*
ENG-Aerospace Engineers;Architecture and Engineering;Computer, Engineering, and Science;Technical;*
ENG-Biomedical And Agricultural Engineers;Architecture and Engineering;Computer, Engineering, and Science;Technical;*
ENG-Chemical Engineers;Architecture and Engineering;Computer, Engineering, and Science;Technical;*
ENG-Civil Engineers;Architecture and Engineering;Computer, Engineering, and Science;Technical;*
ENG-Computer Hardware Engineers;Architecture and Engineering;Computer, Engineering, and Science;Technical;*
ENG-Electrical And Electronics Engineers;Architecture and Engineering;Computer, Engineering, and Science;Technical;*
ENG-Environmental Engineers;Architecture and Engineering;Computer, Engineering, and Science;Technical;*
ENG-Industrial Engineers, Including Health And Safety;Architecture and Engineering;Computer, Engineering, and Science;Technical;*
ENG-Marine Engineers And Naval Architects;Architecture and Engineering;Computer, Engineering, and Science;Technical;*
ENG-Materials Engineers;Architecture and Engineering;Computer, Engineering, and Science;Technical;*
ENG-Mechanical Engineers;Architecture and Engineering;Computer, Engineering, and Science;Technical;*
ENG-Petroleum, Mining And Geological Engineers, Including Mining Safety Engineers;Architecture and Engineering;Computer, Engineering, and Science;Technical;*
ENG-Other Engineers;Architecture and Engineering;Computer, Engineering, and Science;Technical;*
ENG-Architectural And Civil Drafters;Architecture and Engineering;Computer, Engineering, and Science;Technical;*
ENG-Other Drafters;Architecture and Engineering;Computer, Engineering, and Science;Technical;*
ENG-Electrical And Electronic Engineering Technologists and Technicians;Architecture and Engineering;Computer, Engineering, and Science;Technical;*
Other Engineering Technologists And Technicians, Except Drafters;Architecture and Engineering;Computer, Engineering, and Science;Technical;*
ENG-Surveying And Mapping Technicians;Architecture and Engineering;Computer, Engineering, and Science;Technical;*
SCI-Agricultural And Food Scientists;Life, Physical, and Social Science;Computer, Engineering, and Science;Technical;*
SCI-Biological Scientists;Life, Physical, and Social Science;Computer, Engineering, and Science;Technical;*
SCI-Conservation Scientists And Foresters;Life, Physical, and Social Science;Computer, Engineering, and Science;Technical;*
SCI-Other Life Scientists;Life, Physical, and Social Science;Computer, Engineering, and Science;Technical;*
SCI-Astronomers And Physicists;Life, Physical, and Social Science;Computer, Engineering, and Science;Technical;*
SCI-Atmospheric And Space Scientists;Life, Physical, and Social Science;Computer, Engineering, and Science;Technical;*
SCI-Chemists And Materials Scientists;Life, Physical, and Social Science;Computer, Engineering, and Science;Technical;*
SCI-Environmental Scientists And Specialists, Including Health;Life, Physical, and Social Science;Computer, Engineering, and Science;Technical;*
SCI-Geoscientists And Hydrologists, Except Geographers;Life, Physical, and Social Science;Computer, Engineering, and Science;Technical;*
SCI-Physical Scientists, All Other;Life, Physical, and Social Science;Computer, Engineering, and Science;Technical;*
SCI-Economists;Life, Physical, and Social Science;Computer, Engineering, and Science;Technical;*
SCI-Clinical And Counseling Psychologists;Life, Physical, and Social Science;Computer, Engineering, and Science;Technical;*
SCI-School Psychologists;Life, Physical, and Social Science;Computer, Engineering, and Science;Technical;*
SCI-Other Psychologists;Life, Physical, and Social Science;Computer, Engineering, and Science;Technical;*
SCI-Urban And Regional Planners;Life, Physical, and Social Science;Computer, Engineering, and Science;Technical;*
SCI-Other Social Scientists;Life, Physical, and Social Science;Computer, Engineering, and Science;Technical;*
SCI-Agricultural And Food Science Technicians;Life, Physical, and Social Science;Computer, Engineering, and Science;Technical;*
SCI-Biological Technicians;Life, Physical, and Social Science;Computer, Engineering, and Science;Technical;*
SCI-Chemical Technicians;Life, Physical, and Social Science;Computer, Engineering, and Science;Technical;*
SCI-Environmental Science and Geoscience Technicians, And Nuclear Technicians;Life, Physical, and Social Science;Computer, Engineering, and Science;Technical;*
SCI-Other Life, Physical, And Social Science Technicians;Life, Physical, and Social Science;Computer, Engineering, and Science;Technical;*
SCI-Occupational Health And Safety Specialists and Technicians;Life, Physical, and Social Science;Computer, Engineering, and Science;Technical;*
CMS-Substance Abuse And Behavioral Disorder Counselors;Community and Social Service;Education, Legal, Community Service, Arts, and Media;Nontechnical;*
CMS-Educational, Guidance, And Career Counselors And Advisors;Community and Social Service;Education, Legal, Community Service, Arts, and Media;Nontechnical;*
CMS-Marriage And Family Therapists;Community and Social Service;Education, Legal, Community Service, Arts, and Media;Nontechnical;*
CMS-Mental Health Counselors;Community and Social Service;Education, Legal, Community Service, Arts, and Media;Nontechnical;*
CMS-Rehabilitation Counselors;Community and Social Service;Education, Legal, Community Service, Arts, and Media;Nontechnical;*
CMS-Counselors, All Other;Community and Social Service;Education, Legal, Community Service, Arts, and Media;Nontechnical;*
CMS-Child, Family, And School Social Workers;Community and Social Service;Education, Legal, Community Service, Arts, and Media;Nontechnical;*
CMS-Healthcare Social Workers;Community and Social Service;Education, Legal, Community Service, Arts, and Media;Nontechnical;*
CMS-Mental Health And Substance Abuse Social Workers;Community and Social Service;Education, Legal, Community Service, Arts, and Media;Nontechnical;*
CMS-Social Workers, All Other;Community and Social Service;Education, Legal, Community Service, Arts, and Media;Nontechnical;*
CMS-Probation Officers And Correctional Treatment Specialists;Community and Social Service;Education, Legal, Community Service, Arts, and Media;Nontechnical;*
CMS-Social And Human Service Assistants;Community and Social Service;Education, Legal, Community Service, Arts, and Media;Nontechnical;*
CMS-Other Community and Social Service Specialists;Community and Social Service;Education, Legal, Community Service, Arts, and Media;Nontechnical;*
CMS-Clergy;Community and Social Service;Education, Legal, Community Service, Arts, and Media;Nontechnical;*
CMS-Directors, Religious Activities And Education;Community and Social Service;Education, Legal, Community Service, Arts, and Media;Nontechnical;*
CMS-Religious Workers, All Other;Community and Social Service;Education, Legal, Community Service, Arts, and Media;Nontechnical;*
LGL-Lawyers, And Judges, Magistrates, And Other Judicial Workers;Legal;Education, Legal, Community Service, Arts, and Media;Nontechnical;*
LGL-Judicial Law Clerks;Legal;Education, Legal, Community Service, Arts, and Media;Nontechnical;*
LGL-Paralegals And Legal Assistants;Legal;Education, Legal, Community Service, Arts, and Media;Nontechnical;*
LGL-Title Examiners, Abstractors, and Searchers;Legal;Education, Legal, Community Service, Arts, and Media;Nontechnical;*
LGL-Legal Support Workers, All Other;Legal;Education, Legal, Community Service, Arts, and Media;Nontechnical;*
EDU-Postsecondary Teachers;Educational Instruction and Library;Education, Legal, Community Service, Arts, and Media;Nontechnical;*
EDU-Preschool And Kindergarten Teachers;Educational Instruction and Library;Education, Legal, Community Service, Arts, and Media;Nontechnical;*
EDU-Elementary And Middle School Teachers;Educational Instruction and Library;Education, Legal, Community Service, Arts, and Media;Nontechnical;*
EDU-Secondary School Teachers;Educational Instruction and Library;Education, Legal, Community Service, Arts, and Media;Nontechnical;*
EDU-Special Education Teachers;Educational Instruction and Library;Education, Legal, Community Service, Arts, and Media;Nontechnical;*
EDU-Tutors;Educational Instruction and Library;Education, Legal, Community Service, Arts, and Media;Nontechnical;*
EDU-Other Teachers and Instructors;Educational Instruction and Library;Education, Legal, Community Service, Arts, and Media;Nontechnical;*
EDU-Archivists, Curators, And Museum Technicians;Educational Instruction and Library;Education, Legal, Community Service, Arts, and Media;Nontechnical;*
EDU-Librarians And Media Collections Specialists;Educational Instruction and Library;Education, Legal, Community Service, Arts, and Media;Nontechnical;*
EDU-Library Technicians;Educational Instruction and Library;Education, Legal, Community Service, Arts, and Media;Nontechnical;*
EDU-Teaching Assistants;Educational Instruction and Library;Education, Legal, Community Service, Arts, and Media;Nontechnical;*
EDU-Other Educational Instruction and Library Workers;Educational Instruction and Library;Education, Legal, Community Service, Arts, and Media;Nontechnical;*
ENT-Artists And Related Workers;Arts, Design, Entertainment, Sports, and Media;Education, Legal, Community Service, Arts, and Media;Nontechnical;*
ENT-Commercial And Industrial Designers;Arts, Design, Entertainment, Sports, and Media;Education, Legal, Community Service, Arts, and Media;Nontechnical;*
ENT-Fashion Designers;Arts, Design, Entertainment, Sports, and Media;Education, Legal, Community Service, Arts, and Media;Nontechnical;*
ENT-Floral Designers;Arts, Design, Entertainment, Sports, and Media;Education, Legal, Community Service, Arts, and Media;Nontechnical;*
ENT-Graphic Designers;Arts, Design, Entertainment, Sports, and Media;Education, Legal, Community Service, Arts, and Media;Nontechnical;*
ENT-Interior Designers;Arts, Design, Entertainment, Sports, and Media;Education, Legal, Community Service, Arts, and Media;Nontechnical;*
ENT-Merchandise Displayers And Windows Trimmers;Arts, Design, Entertainment, Sports, and Media;Education, Legal, Community Service, Arts, and Media;Nontechnical;*
ENT-Other Designers;Arts, Design, Entertainment, Sports, and Media;Education, Legal, Community Service, Arts, and Media;Nontechnical;*
ENT-Actors;Arts, Design, Entertainment, Sports, and Media;Education, Legal, Community Service, Arts, and Media;Nontechnical;*
ENT-Producers And Directors;Arts, Design, Entertainment, Sports, and Media;Education, Legal, Community Service, Arts, and Media;Nontechnical;*
ENT-Athletes and Sports Competitors;Arts, Design, Entertainment, Sports, and Media;Education, Legal, Community Service, Arts, and Media;Nontechnical;*
ENT-Coaches and Scouts;Arts, Design, Entertainment, Sports, and Media;Education, Legal, Community Service, Arts, and Media;Nontechnical;*
ENT-Umpires, Referees, And Other Sports Officials;Arts, Design, Entertainment, Sports, and Media;Education, Legal, Community Service, Arts, and Media;Nontechnical;*
ENT-Dancers And Choreographers;Arts, Design, Entertainment, Sports, and Media;Education, Legal, Community Service, Arts, and Media;Nontechnical;*
ENT-Music Directors and Composers;Arts, Design, Entertainment, Sports, and Media;Education, Legal, Community Service, Arts, and Media;Nontechnical;*
ENT-Musicians and Singers;Arts, Design, Entertainment, Sports, and Media;Education, Legal, Community Service, Arts, and Media;Nontechnical;*
ENT-Disc Jockeys, Except Radio;Arts, Design, Entertainment, Sports, and Media;Education, Legal, Community Service, Arts, and Media;Nontechnical;*
ENT-Entertainers And Performers, Sports and Related Workers, All Other;Arts, Design, Entertainment, Sports, and Media;Education, Legal, Community Service, Arts, and Media;Nontechnical;*
ENT-Broadcast Announcers And Radio Disc Jockeys;Arts, Design, Entertainment, Sports, and Media;Education, Legal, Community Service, Arts, and Media;Nontechnical;*
ENT-News Analysts, Reporters And Correspondents;Arts, Design, Entertainment, Sports, and Media;Education, Legal, Community Service, Arts, and Media;Nontechnical;*
ENT-Public Relations Specialists;Arts, Design, Entertainment, Sports, and Media;Education, Legal, Community Service, Arts, and Media;Nontechnical;*
ENT-Editors;Arts, Design, Entertainment, Sports, and Media;Education, Legal, Community Service, Arts, and Media;Nontechnical;*
ENT-Technical Writers;Arts, Design, Entertainment, Sports, and Media;Education, Legal, Community Service, Arts, and Media;Nontechnical;*
ENT-Writers And Authors;Arts, Design, Entertainment, Sports, and Media;Education, Legal, Community Service, Arts, and Media;Nontechnical;*
ENT-Interpreters and Translators;Arts, Design, Entertainment, Sports, and Media;Education, Legal, Community Service, Arts, and Media;Nontechnical;*
ENT-Court Reporters and Simultaneous Captioners;Arts, Design, Entertainment, Sports, and Media;Education, Legal, Community Service, Arts, and Media;Nontechnical;*
ENT-Media And Communication Workers, All Other;Arts, Design, Entertainment, Sports, and Media;Education, Legal, Community Service, Arts, and Media;Nontechnical;*
ENT-Other Media And Communication Equipment Workers;Arts, Design, Entertainment, Sports, and Media;Education, Legal, Community Service, Arts, and Media;Nontechnical;*
ENT-Photographers;Arts, Design, Entertainment, Sports, and Media;Education, Legal, Community Service, Arts, and Media;Nontechnical;*
ENT-Television, Video, And Motion Picture Camera Operators And Editors;Arts, Design, Entertainment, Sports, and Media;Education, Legal, Community Service, Arts, and Media;Nontechnical;*
MED-Chiropractors;Healthcare Practitioners and Technical;Healthcare Practitioners and Technical;Other;*
MED-Dentists;Healthcare Practitioners and Technical;Healthcare Practitioners and Technical;Other;*
MED-Dietitians And Nutritionists;Healthcare Practitioners and Technical;Healthcare Practitioners and Technical;Other;*
MED-Optometrists;Healthcare Practitioners and Technical;Healthcare Practitioners and Technical;Other;*
MED-Pharmacists;Healthcare Practitioners and Technical;Healthcare Practitioners and Technical;Other;*
MED-Physicians;Healthcare Practitioners and Technical;Healthcare Practitioners and Technical;Other;*
MED-Surgeons;Healthcare Practitioners and Technical;Healthcare Practitioners and Technical;Other;*
MED-Physician Assistants;Healthcare Practitioners and Technical;Healthcare Practitioners and Technical;Other;*
MED-Podiatrists;Healthcare Practitioners and Technical;Healthcare Practitioners and Technical;Other;*
MED-Audiologists;Healthcare Practitioners and Technical;Healthcare Practitioners and Technical;Other;*
MED-Occupational Therapists;Healthcare Practitioners and Technical;Healthcare Practitioners and Technical;Other;*
MED-Physical Therapists;Healthcare Practitioners and Technical;Healthcare Practitioners and Technical;Other;*
MED-Radiation Therapists;Healthcare Practitioners and Technical;Healthcare Practitioners and Technical;Other;*
MED-Recreational Therapists;Healthcare Practitioners and Technical;Healthcare Practitioners and Technical;Other;*
MED-Respiratory Therapists;Healthcare Practitioners and Technical;Healthcare Practitioners and Technical;Other;*
MED-Speech-Language Pathologists;Healthcare Practitioners and Technical;Healthcare Practitioners and Technical;Other;*
MED-Other Therapists;Healthcare Practitioners and Technical;Healthcare Practitioners and Technical;Other;*
MED-Veterinarians;Healthcare Practitioners and Technical;Healthcare Practitioners and Technical;Other;*
MED-Registered Nurses;Healthcare Practitioners and Technical;Healthcare Practitioners and Technical;Other;*
MED-Nurse Anesthetists;Healthcare Practitioners and Technical;Healthcare Practitioners and Technical;Other;*
MED-Nurse Practitioners, And Nurse Midwives;Healthcare Practitioners and Technical;Healthcare Practitioners and Technical;Other;*
MED-Acupuncturists;Healthcare Practitioners and Technical;Healthcare Practitioners and Technical;Other;*
MED-Healthcare Diagnosing Or Treating Practitioners, All Other;Healthcare Practitioners and Technical;Healthcare Practitioners and Technical;Other;*
MED-Clinical Laboratory Technologists And Technicians;Healthcare Practitioners and Technical;Healthcare Practitioners and Technical;Other;*
MED-Dental Hygienists;Healthcare Practitioners and Technical;Healthcare Practitioners and Technical;Other;*
MED-Cardiovascular Technologists and Technicians;Healthcare Practitioners and Technical;Healthcare Practitioners and Technical;Other;*
MED-Diagnostic Medical Sonographers;Healthcare Practitioners and Technical;Healthcare Practitioners and Technical;Other;*
MED-Radiologic Technologists And Technicians;Healthcare Practitioners and Technical;Healthcare Practitioners and Technical;Other;*
MED-Magnetic Resonance Imaging Technologists;Healthcare Practitioners and Technical;Healthcare Practitioners and Technical;Other;*
MED-Nuclear Medicine Technologists and Medical Dosimetrists;Healthcare Practitioners and Technical;Healthcare Practitioners and Technical;Other;*
MED-Emergency Medical Technicians;Healthcare Practitioners and Technical;Healthcare Practitioners and Technical;Other;*
MED-Paramedics;Healthcare Practitioners and Technical;Healthcare Practitioners and Technical;Other;*
MED-Pharmacy Technicians;Healthcare Practitioners and Technical;Healthcare Practitioners and Technical;Other;*
MED-Psychiatric Technicians;Healthcare Practitioners and Technical;Healthcare Practitioners and Technical;Other;*
MED-Surgical Technologists;Healthcare Practitioners and Technical;Healthcare Practitioners and Technical;Other;*
MED-Veterinary Technologists and Technicians;Healthcare Practitioners and Technical;Healthcare Practitioners and Technical;Other;*
MED-Dietetic Technicians And Ophthalmic Medical Technicians;Healthcare Practitioners and Technical;Healthcare Practitioners and Technical;Other;*
MED-Licensed Practical And Licensed Vocational Nurses;Healthcare Practitioners and Technical;Healthcare Practitioners and Technical;Other;*
MED-Medical Records Specialists;Healthcare Practitioners and Technical;Healthcare Practitioners and Technical;Other;*
MED-Opticians, Dispensing;Healthcare Practitioners and Technical;Healthcare Practitioners and Technical;Other;*
MED-Miscellaneous Health Technologists and Technicians;Healthcare Practitioners and Technical;Healthcare Practitioners and Technical;Other;*
MED-Other Healthcare Practitioners and Technical Occupations;Healthcare Practitioners and Technical;Healthcare Practitioners and Technical;Other;*
HLS-Home Health Aides;Healthcare Support;Service;Nontechnical;*
HLS-Personal Care Aides;Healthcare Support;Service;Nontechnical;*
HLS-Nursing Assistants;Healthcare Support;Service;Nontechnical;*
HLS-Orderlies and Psychiatric Aides;Healthcare Support;Service;Nontechnical;*
HLS-Occupational Therapy Assistants And Aides;Healthcare Support;Service;Nontechnical;*
HLS-Physical Therapist Assistants And Aides;Healthcare Support;Service;Nontechnical;*
HLS-Massage Therapists;Healthcare Support;Service;Nontechnical;*
HLS-Dental Assistants;Healthcare Support;Service;Nontechnical;*
HLS-Medical Assistants;Healthcare Support;Service;Nontechnical;*
HLS-Medical Transcriptionists;Healthcare Support;Service;Nontechnical;*
HLS-Pharmacy Aides;Healthcare Support;Service;Nontechnical;*
HLS-Veterinary Assistants And Laboratory Animal Caretakers;Healthcare Support;Service;Nontechnical;*
HLS-Phlebotomists;Healthcare Support;Service;Nontechnical;*
HLS-Other Healthcare Support Workers;Healthcare Support;Service;Nontechnical;*
PRT-First-Line Supervisors Of Correctional Officers;Protective Service;Service;Nontechnical;*
PRT-First-Line Supervisors Of Police And Detectives;Protective Service;Service;Nontechnical;*
PRT-First-Line Supervisors Of Fire Fighting And Prevention Workers;Protective Service;Service;Nontechnical;*
PRT-First-Line Supervisors of Security And Protective Service Workers, All Other;Protective Service;Service;Nontechnical;*
PRT-Firefighters;Protective Service;Service;Nontechnical;*
PRT-Fire Inspectors;Protective Service;Service;Nontechnical;*
PRT-Bailiffs;Protective Service;Service;Nontechnical;*
PRT-Correctional Officers and Jailers;Protective Service;Service;Nontechnical;*
PRT-Detectives And Criminal Investigators;Protective Service;Service;Nontechnical;*
PRT-Fish And Game Wardens And Parking Enforcement Officers;Protective Service;Service;Nontechnical;*
PRT-Police Officers;Protective Service;Service;Nontechnical;*
PRT-Animal Control Workers;Protective Service;Service;Nontechnical;*
PRT-Private Detectives And Investigators;Protective Service;Service;Nontechnical;*
PRT-Security Guards And Gaming Surveillance Officers;Protective Service;Service;Nontechnical;*
PRT-Crossing Guards And Flaggers;Protective Service;Service;Nontechnical;*
PRT-Transportation Security Screeners;Protective Service;Service;Nontechnical;*
PRT-School Bus Monitors;Protective Service;Service;Nontechnical;*
PRT-Other Protective Service Workers;Protective Service;Service;Nontechnical;*
EAT-Chefs And Head Cooks;Food Preparation and Serving Related;Service;Nontechnical;*
EAT-First-Line Supervisors Of Food Preparation And Serving Workers;Food Preparation and Serving Related;Service;Nontechnical;*
EAT-Cooks;Food Preparation and Serving Related;Service;Nontechnical;*
EAT-Food Preparation Workers;Food Preparation and Serving Related;Service;Nontechnical;*
EAT-Bartenders;Food Preparation and Serving Related;Service;Nontechnical;*
EAT-Fast Food And Counter Workers;Food Preparation and Serving Related;Service;Nontechnical;*
EAT-Waiters And Waitresses;Food Preparation and Serving Related;Service;Nontechnical;*
EAT-Food Servers, Nonrestaurant;Food Preparation and Serving Related;Service;Nontechnical;*
EAT-Dining Room And Cafeteria Attendants And Bartender Helpers;Food Preparation and Serving Related;Service;Nontechnical;*
EAT-Dishwashers;Food Preparation and Serving Related;Service;Nontechnical;*
EAT-Hosts And Hostesses, Restaurant, Lounge, And Coffee Shop;Food Preparation and Serving Related;Service;Nontechnical;*
EAT-Food Preparation and Serving Related Workers, All Other;Food Preparation and Serving Related;Service;Nontechnical;*
CLN-First-Line Supervisors Of Housekeeping And Janitorial Workers;Building and Grounds Cleaning and Maintenance;Service;Nontechnical;*
CLN-First-Line Supervisors Of Landscaping, Lawn Service, And Groundskeeping Workers;Building and Grounds Cleaning and Maintenance;Service;Nontechnical;*
CLN-Janitors And Building Cleaners;Building and Grounds Cleaning and Maintenance;Service;Nontechnical;*
CLN-Maids And Housekeeping Cleaners;Building and Grounds Cleaning and Maintenance;Service;Nontechnical;*
CLN-Pest Control Workers;Building and Grounds Cleaning and Maintenance;Service;Nontechnical;*
CLN-Landscaping And Groundskeeping Workers;Building and Grounds Cleaning and Maintenance;Service;Nontechnical;*
CLN-Tree Trimmers and Pruners;Building and Grounds Cleaning and Maintenance;Service;Nontechnical;*
CLN-Other Grounds Maintenance Workers;Building and Grounds Cleaning and Maintenance;Service;Nontechnical;*
PRS-Supervisors Of Personal Care And Service Workers;Personal Care and Service;Service;Nontechnical;*
PRS-Animal Trainers;Personal Care and Service;Service;Nontechnical;*
PRS-Animal Caretakers;Personal Care and Service;Service;Nontechnical;*
PRS-Gambling Services Workers;Personal Care and Service;Service;Nontechnical;*
PRS-Ushers, Lobby Attendants, And Ticket Takers;Personal Care and Service;Service;Nontechnical;*
PRS-Other Entertainment Attendants And Related Workers;Personal Care and Service;Service;Nontechnical;*
PRS-Embalmers, Crematory Operators, And Funeral Attendants;Personal Care and Service;Service;Nontechnical;*
PRS-Morticians, Undertakers, And Funeral Arrangers;Personal Care and Service;Service;Nontechnical;*
PRS-Barbers;Personal Care and Service;Service;Nontechnical;*
PRS-Hairdressers, Hairstylists, And Cosmetologists;Personal Care and Service;Service;Nontechnical;*
PRS-Manicurists And Pedicurists;Personal Care and Service;Service;Nontechnical;*
PRS-Skincare Specialists;Personal Care and Service;Service;Nontechnical;*
PRS-Other Personal Appearance Workers;Personal Care and Service;Service;Nontechnical;*
PRS-Baggage Porters, Bellhops, And Concierges;Personal Care and Service;Service;Nontechnical;*
PRS-Tour And Travel Guides;Personal Care and Service;Service;Nontechnical;*
PRS-Childcare Workers;Personal Care and Service;Service;Nontechnical;*
PRS-Exercise Trainers And Group Fitness Instructors;Personal Care and Service;Service;Nontechnical;*
PRS-Recreation Workers;Personal Care and Service;Service;Nontechnical;*
PRS-Residential Advisors;Personal Care and Service;Service;Nontechnical;*
PRS-Personal Care and Service Workers, All Other;Personal Care and Service;Service;Nontechnical;*
SAL-First-Line Supervisors Of Retail Sales Workers;Sales and Related;Sales and Office;Nontechnical;*
SAL-First-Line Supervisors Of Non-Retail Sales Workers;Sales and Related;Sales and Office;Nontechnical;*
SAL-Cashiers;Sales and Related;Sales and Office;Nontechnical;*
SAL-Counter And Rental Clerks;Sales and Related;Sales and Office;Nontechnical;*
SAL-Parts Salespersons;Sales and Related;Sales and Office;Nontechnical;*
SAL-Retail Salespersons;Sales and Related;Sales and Office;Nontechnical;*
SAL-Advertising Sales Agents;Sales and Related;Sales and Office;Nontechnical;*
SAL-Insurance Sales Agents;Sales and Related;Sales and Office;Nontechnical;*
SAL-Securities, Commodities, And Financial Services Sales Agents;Sales and Related;Sales and Office;Nontechnical;*
SAL-Travel Agents;Sales and Related;Sales and Office;Nontechnical;*
SAL-Sales Representatives Of Services, Except Advertising, Insurance, Financial Services, And Travel;Sales and Related;Sales and Office;Nontechnical;*
SAL-Sales Representatives, Wholesale And Manufacturing;Sales and Related;Sales and Office;Nontechnical;*
SAL-Models, Demonstrators, And Product Promoters;Sales and Related;Sales and Office;Nontechnical;*
SAL-Real Estate Brokers And Sales Agents;Sales and Related;Sales and Office;Nontechnical;*
SAL-Sales Engineers;Sales and Related;Sales and Office;Nontechnical;*
SAL-Telemarketers;Sales and Related;Sales and Office;Nontechnical;*
SAL-Door-To-Door Sales Workers, News And Street Vendors, And Related Workers;Sales and Related;Sales and Office;Nontechnical;*
SAL-Sales And Related Workers, All Other;Sales and Related;Sales and Office;Nontechnical;*
OFF-First-Line Supervisors Of Office And Administrative Support Workers;Office and Administrative Support;Sales and Office;Nontechnical;*
OFF-Switchboard Operators, Including Answering Service;Office and Administrative Support;Sales and Office;Nontechnical;*
OFF-Telephone Operators;Office and Administrative Support;Sales and Office;Nontechnical;*
OFF-Communications Equipment Operators, All Other;Office and Administrative Support;Sales and Office;Nontechnical;*
OFF-Bill And Account Collectors;Office and Administrative Support;Sales and Office;Nontechnical;*
OFF-Billing And Posting Clerks;Office and Administrative Support;Sales and Office;Nontechnical;*
OFF-Bookkeeping, Accounting, And Auditing Clerks;Office and Administrative Support;Sales and Office;Nontechnical;*
OFF-Payroll And Timekeeping Clerks;Office and Administrative Support;Sales and Office;Nontechnical;*
OFF-Procurement Clerks;Office and Administrative Support;Sales and Office;Nontechnical;*
OFF-Tellers;Office and Administrative Support;Sales and Office;Nontechnical;*
OFF-Other Financial Clerks;Office and Administrative Support;Sales and Office;Nontechnical;*
OFF-Court, Municipal, And License Clerks;Office and Administrative Support;Sales and Office;Nontechnical;*
OFF-Credit Authorizers, Checkers, And Clerks;Office and Administrative Support;Sales and Office;Nontechnical;*
OFF-Customer Service Representatives;Office and Administrative Support;Sales and Office;Nontechnical;*
OFF-Eligibility Interviewers, Government Programs;Office and Administrative Support;Sales and Office;Nontechnical;*
OFF-File Clerks;Office and Administrative Support;Sales and Office;Nontechnical;*
OFF-Hotel, Motel, And Resort Desk Clerks;Office and Administrative Support;Sales and Office;Nontechnical;*
OFF-Interviewers, Except Eligibility And Loan;Office and Administrative Support;Sales and Office;Nontechnical;*
OFF-Library Assistants, Clerical;Office and Administrative Support;Sales and Office;Nontechnical;*
OFF-Loan Interviewers And Clerks;Office and Administrative Support;Sales and Office;Nontechnical;*
OFF-New Accounts Clerks;Office and Administrative Support;Sales and Office;Nontechnical;*
OFF-Correspondence Clerks And Order Clerks;Office and Administrative Support;Sales and Office;Nontechnical;*
OFF-Human Resources Assistants, Except Payroll And Timekeeping;Office and Administrative Support;Sales and Office;Nontechnical;*
OFF-Receptionists And Information Clerks;Office and Administrative Support;Sales and Office;Nontechnical;*
OFF-Reservation And Transportation Ticket Agents And Travel Clerks;Office and Administrative Support;Sales and Office;Nontechnical;*
OFF-Other Information And Records Clerks;Office and Administrative Support;Sales and Office;Nontechnical;*
OFF-Cargo And Freight Agents;Office and Administrative Support;Sales and Office;Nontechnical;*
OFF-Couriers And Messengers;Office and Administrative Support;Sales and Office;Nontechnical;*
OFF-Public Safety Telecommunicators;Office and Administrative Support;Sales and Office;Nontechnical;*
OFF-Dispatchers, Except Police, Fire, And Ambulance;Office and Administrative Support;Sales and Office;Nontechnical;*
OFF-Meter Readers, Utilities;Office and Administrative Support;Sales and Office;Nontechnical;*
OFF-Postal Service Clerks;Office and Administrative Support;Sales and Office;Nontechnical;*
OFF-Postal Service Mail Carriers;Office and Administrative Support;Sales and Office;Nontechnical;*
OFF-Postal Service Mail Sorters, Processors, And Processing Machine Operators;Office and Administrative Support;Sales and Office;Nontechnical;*
OFF-Production, Planning, And Expediting Clerks;Office and Administrative Support;Sales and Office;Nontechnical;*
OFF-Shipping, Receiving, And Inventory Clerks;Office and Administrative Support;Sales and Office;Nontechnical;*
OFF-Weighers, Measurers, Checkers, And Samplers, Recordkeeping;Office and Administrative Support;Sales and Office;Nontechnical;*
OFF-Executive Secretaries And Executive Administrative Assistants;Office and Administrative Support;Sales and Office;Nontechnical;*
OFF-Legal Secretaries and Administrative Assistants;Office and Administrative Support;Sales and Office;Nontechnical;*
OFF-Medical Secretaries and Administrative Assistants;Office and Administrative Support;Sales and Office;Nontechnical;*
OFF-Secretaries And Administrative Assistants, Except Legal, Medial, And Executive;Office and Administrative Support;Sales and Office;Nontechnical;*
OFF-Data Entry Keyers;Office and Administrative Support;Sales and Office;Nontechnical;*
OFF-Word Processors And Typists;Office and Administrative Support;Sales and Office;Nontechnical;*
OFF-Insurance Claims And Policy Processing Clerks;Office and Administrative Support;Sales and Office;Nontechnical;*
OFF-Mail Clerks And Mail Machine Operators, Except Postal Service;Office and Administrative Support;Sales and Office;Nontechnical;*
OFF-Office Clerks, General;Office and Administrative Support;Sales and Office;Nontechnical;*
OFF-Office Machine Operators, Except Computer;Office and Administrative Support;Sales and Office;Nontechnical;*
OFF-Proofreaders And Copy Markers;Office and Administrative Support;Sales and Office;Nontechnical;*
OFF-Statistical Assistants;Office and Administrative Support;Sales and Office;Nontechnical;*
OFF-Other Office And Administrative Support Workers;Office and Administrative Support;Sales and Office;Nontechnical;*
FFF-First-Line Supervisors Of Farming, Fishing, And Forestry Workers;Farming, Fishing, and Forestry;Natural Resources, Construction, and Maintenance;Other;*
FFF-Agricultural Inspectors;Farming, Fishing, and Forestry;Natural Resources, Construction, and Maintenance;Other;*
FFF-Graders And Sorters, Agricultural Products;Farming, Fishing, and Forestry;Natural Resources, Construction, and Maintenance;Other;*
FFF-Other Agricultural Workers;Farming, Fishing, and Forestry;Natural Resources, Construction, and Maintenance;Other;*
FFF-Fishing And Hunting Workers;Farming, Fishing, and Forestry;Natural Resources, Construction, and Maintenance;Other;*
FFF-Forest And Conservation Workers;Farming, Fishing, and Forestry;Natural Resources, Construction, and Maintenance;Other;*
FFF-Logging Workers;Farming, Fishing, and Forestry;Natural Resources, Construction, and Maintenance;Other;*
CON-First-Line Supervisors Of Construction Trades And Extraction Workers;Construction;Natural Resources, Construction, and Maintenance;Other;*
CON-Boilermakers;Construction;Natural Resources, Construction, and Maintenance;Other;*
CON-Brickmasons, Blockmasons, Stonemasons, And Reinforcing Iron And Rebar Workers;Construction;Natural Resources, Construction, and Maintenance;Other;*
CON-Carpenters;Construction;Natural Resources, Construction, and Maintenance;Other;*
CON-Carpet, Floor, And Tile Installers And Finishers;Construction;Natural Resources, Construction, and Maintenance;Other;*
CON-Cement Masons, Concrete Finishers, And Terrazzo Workers;Construction;Natural Resources, Construction, and Maintenance;Other;*
CON-Construction Laborers;Construction;Natural Resources, Construction, and Maintenance;Other;*
CON-Construction Equipment Operators;Construction;Natural Resources, Construction, and Maintenance;Other;*
CON-Drywall Installers, Ceiling Tile Installers, And Tapers;Construction;Natural Resources, Construction, and Maintenance;Other;*
CON-Electricians;Construction;Natural Resources, Construction, and Maintenance;Other;*
CON-Glaziers;Construction;Natural Resources, Construction, and Maintenance;Other;*
CON-Insulation Workers;Construction;Natural Resources, Construction, and Maintenance;Other;*
CON-Painters and Paperhangers;Construction;Natural Resources, Construction, and Maintenance;Other;*
CON-Pipelayers;Construction;Natural Resources, Construction, and Maintenance;Other;*
CON-Plumbers, Pipefitters, And Steamfitters;Construction;Natural Resources, Construction, and Maintenance;Other;*
CON-Plasterers And Stucco Masons;Construction;Natural Resources, Construction, and Maintenance;Other;*
CON-Roofers;Construction;Natural Resources, Construction, and Maintenance;Other;*
CON-Sheet Metal Workers;Construction;Natural Resources, Construction, and Maintenance;Other;*
CON-Structural Iron And Steel Workers;Construction;Natural Resources, Construction, and Maintenance;Other;*
CON-Solar Photovoltaic Installers;Construction;Natural Resources, Construction, and Maintenance;Other;*
CON-Helpers, Construction Trades;Construction;Natural Resources, Construction, and Maintenance;Other;*
CON-Construction And Building Inspectors;Construction;Natural Resources, Construction, and Maintenance;Other;*
CON-Elevator Installers And Repairers;Construction;Natural Resources, Construction, and Maintenance;Other;*
CON-Fence Erectors;Construction;Natural Resources, Construction, and Maintenance;Other;*
CON-Hazardous Materials Removal Workers;Construction;Natural Resources, Construction, and Maintenance;Other;*
CON-Highway Maintenance Workers;Construction;Natural Resources, Construction, and Maintenance;Other;*
CON-Rail-Track Laying And Maintenance Equipment Operators;Construction;Natural Resources, Construction, and Maintenance;Other;*
CON-Other Construction And Related Workers;Construction;Natural Resources, Construction, and Maintenance;Other;*
EXT-Derrick, Rotary Drill, And Service Unit Operators, And Roustabouts, Oil, Gas, And Mining;Extraction;Natural Resources, Construction, and Maintenance;Other;*
EXT-Surface Mining Machine Operators And Earth Drillers;Extraction;Natural Resources, Construction, and Maintenance;Other;*
EXT-Explosives Workers, Ordnance Handling Experts, and Blasters;Extraction;Natural Resources, Construction, and Maintenance;Other;*
EXT-Underground Mining Machine Operators;Extraction;Natural Resources, Construction, and Maintenance;Other;*
EXT-Other Extraction Workers;Extraction;Natural Resources, Construction, and Maintenance;Other;*
RPR-First-Line Supervisors Of Mechanics, Installers, And Repairers;Installation, Maintenance, and Repair;Natural Resources, Construction, and Maintenance;Other;*
RPR-Computer, Automated Teller, And Office Machine Repairers;Installation, Maintenance, and Repair;Natural Resources, Construction, and Maintenance;Other;*
RPR-Radio And Telecommunications Equipment Installers And Repairers;Installation, Maintenance, and Repair;Natural Resources, Construction, and Maintenance;Other;*
RPR-Avionics Technicians;Installation, Maintenance, and Repair;Natural Resources, Construction, and Maintenance;Other;*
RPR-Electric Motor, Power Tool, And Related Repairers;Installation, Maintenance, and Repair;Natural Resources, Construction, and Maintenance;Other;*
RPR-Other Electrical And Electronic Equipment Mechanics, Installers, And Repairers.;Installation, Maintenance, and Repair;Natural Resources, Construction, and Maintenance;Other;*
RPR-Electronic Home Entertainment Equipment Installers And Repairers;Installation, Maintenance, and Repair;Natural Resources, Construction, and Maintenance;Other;*
RPR-Security And Fire Alarm Systems Installers;Installation, Maintenance, and Repair;Natural Resources, Construction, and Maintenance;Other;*
RPR-Aircraft Mechanics And Service Technicians;Installation, Maintenance, and Repair;Natural Resources, Construction, and Maintenance;Other;*
RPR-Automotive Body And Related Repairers;Installation, Maintenance, and Repair;Natural Resources, Construction, and Maintenance;Other;*
RPR-Automotive Glass Installers And Repairers;Installation, Maintenance, and Repair;Natural Resources, Construction, and Maintenance;Other;*
RPR-Automotive Service Technicians And Mechanics;Installation, Maintenance, and Repair;Natural Resources, Construction, and Maintenance;Other;*
RPR-Bus And Truck Mechanics And Diesel Engine Specialists;Installation, Maintenance, and Repair;Natural Resources, Construction, and Maintenance;Other;*
RPR-Heavy Vehicle And Mobile Equipment Service Technicians And Mechanics;Installation, Maintenance, and Repair;Natural Resources, Construction, and Maintenance;Other;*
RPR-Small Engine Mechanics;Installation, Maintenance, and Repair;Natural Resources, Construction, and Maintenance;Other;*
RPR-Miscellaneous Vehicle And Mobile Equipment Mechanics, Installers, And Repairers;Installation, Maintenance, and Repair;Natural Resources, Construction, and Maintenance;Other;*
RPR-Control And Valve Installers And Repairers;Installation, Maintenance, and Repair;Natural Resources, Construction, and Maintenance;Other;*
RPR-Heating, Air Conditioning, And Refrigeration Mechanics And Installers;Installation, Maintenance, and Repair;Natural Resources, Construction, and Maintenance;Other;*
RPR-Home Appliance Repairers;Installation, Maintenance, and Repair;Natural Resources, Construction, and Maintenance;Other;*
RPR-Industrial And Refractory Machinery Mechanics;Installation, Maintenance, and Repair;Natural Resources, Construction, and Maintenance;Other;*
RPR-Maintenance And Repair Workers, General;Installation, Maintenance, and Repair;Natural Resources, Construction, and Maintenance;Other;*
RPR-Maintenance Workers, Machinery;Installation, Maintenance, and Repair;Natural Resources, Construction, and Maintenance;Other;*
RPR-Millwrights;Installation, Maintenance, and Repair;Natural Resources, Construction, and Maintenance;Other;*
RPR-Electrical Power-Line Installers And Repairers;Installation, Maintenance, and Repair;Natural Resources, Construction, and Maintenance;Other;*
RPR-Telecommunications Line Installers And Repairers;Installation, Maintenance, and Repair;Natural Resources, Construction, and Maintenance;Other;*
RPR-Precision Instrument And Equipment Repairers;Installation, Maintenance, and Repair;Natural Resources, Construction, and Maintenance;Other;*
RPR-Coin, Vending, And Amusement Machine Servicers And Repairers;Installation, Maintenance, and Repair;Natural Resources, Construction, and Maintenance;Other;*
RPR-Locksmiths And Safe Repairers;Installation, Maintenance, and Repair;Natural Resources, Construction, and Maintenance;Other;*
RPR-Riggers;Installation, Maintenance, and Repair;Natural Resources, Construction, and Maintenance;Other;*
RPR-Helpers--Installation, Maintenance, And Repair Workers;Installation, Maintenance, and Repair;Natural Resources, Construction, and Maintenance;Other;*
RPR-Other Installation, Maintenance, And Repair Workers;Installation, Maintenance, and Repair;Natural Resources, Construction, and Maintenance;Other;*
PRD-First-Line Supervisors Of Production And Operating Workers;Production;Production, Transportation, and Material Moving;Other;*
PRD-Electrical, Electronics, And Electromechanical Assemblers;Production;Production, Transportation, and Material Moving;Other;*
PRD-Engine And Other Machine Assemblers;Production;Production, Transportation, and Material Moving;Other;*
PRD-Structural Metal Fabricators And Fitters;Production;Production, Transportation, and Material Moving;Other;*
PRD-Other Assemblers And Fabricators;Production;Production, Transportation, and Material Moving;Other;*
PRD-Bakers;Production;Production, Transportation, and Material Moving;Other;*
PRD-Butchers And Other Meat, Poultry, And Fish Processing Workers;Production;Production, Transportation, and Material Moving;Other;*
PRD-Food And Tobacco Roasting, Baking, And Drying Machine Operators And Tenders;Production;Production, Transportation, and Material Moving;Other;*
PRD-Food Batchmakers;Production;Production, Transportation, and Material Moving;Other;*
PRD-Food Cooking Machine Operators And Tenders;Production;Production, Transportation, and Material Moving;Other;*
PRD-Food Processing Workers, All Other;Production;Production, Transportation, and Material Moving;Other;*
PRD-Computer Numerically Controlled Tool Operators And Programmers;Production;Production, Transportation, and Material Moving;Other;*
PRD-Forming Machine Setters, Operators, And Tenders, Metal And Plastic;Production;Production, Transportation, and Material Moving;Other;*
PRD-Cutting, Punching, And Press Machine Setters, Operators, And Tenders, Metal And Plastic;Production;Production, Transportation, and Material Moving;Other;*
Grinding, Lapping, Polishing, And Buffing Machine Tool;Production;Production, Transportation, and Material Moving;Other;*
PRD-Other Machine Tool Setters, Operators, And Tenders, Metal and Plastic;Production;Production, Transportation, and Material Moving;Other;*
PRD-Machinists;Production;Production, Transportation, and Material Moving;Other;*
PRD-Metal Furnace Operators, Tenders, Pourers, And Casters;Production;Production, Transportation, and Material Moving;Other;*
PRD-Model Makers, Patternmakers, And Molding Machine Setters, Metal And Plastic;Production;Production, Transportation, and Material Moving;Other;*
PRD-Tool And Die Makers;Production;Production, Transportation, and Material Moving;Other;*
PRD-Welding, Soldering, And Brazing Workers;Production;Production, Transportation, and Material Moving;Other;*
PRD-Other Metal Workers And Plastic Workers;Production;Production, Transportation, and Material Moving;Other;*
PRD-Prepress Technicians And Workers;Production;Production, Transportation, and Material Moving;Other;*
PRD-Printing Press Operators;Production;Production, Transportation, and Material Moving;Other;*
PRD-Print Binding And Finishing Workers;Production;Production, Transportation, and Material Moving;Other;*
PRD-Laundry And Dry-Cleaning Workers;Production;Production, Transportation, and Material Moving;Other;*
PRD-Pressers, Textile, Garment, And Related Materials;Production;Production, Transportation, and Material Moving;Other;*
PRD-Sewing Machine Operators;Production;Production, Transportation, and Material Moving;Other;*
PRD-Shoe And Leather Workers;Production;Production, Transportation, and Material Moving;Other;*
PRD-Tailors, Dressmakers, And Sewers;Production;Production, Transportation, and Material Moving;Other;*
PRD-Textile Machine Setters, Operators, And Tenders;Production;Production, Transportation, and Material Moving;Other;*
PRD-Upholsterers;Production;Production, Transportation, and Material Moving;Other;*
PRD-Other Textile, Apparel, And Furnishings Workers;Production;Production, Transportation, and Material Moving;Other;*
PRD-Cabinetmakers And Bench Carpenters;Production;Production, Transportation, and Material Moving;Other;*
PRD-Furniture Finishers;Production;Production, Transportation, and Material Moving;Other;*
PRD-Sawing Machine Setters, Operators, And Tenders, Wood;Production;Production, Transportation, and Material Moving;Other;*
PRD-Woodworking Machine Setters, Operators, And Tenders, Except Sawing;Production;Production, Transportation, and Material Moving;Other;*
PRD-Other Woodworkers;Production;Production, Transportation, and Material Moving;Other;*
PRD-Power Plant Operators, Distributors, And Dispatchers;Production;Production, Transportation, and Material Moving;Other;*
PRD-Stationary Engineers And Boiler Operators;Production;Production, Transportation, and Material Moving;Other;*
PRD-Water And Wastewater Treatment Plant And System Operators;Production;Production, Transportation, and Material Moving;Other;*
PRD-Miscellaneous Plant And System Operators;Production;Production, Transportation, and Material Moving;Other;*
PRD-Chemical Processing Machine Setters, Operators, And Tenders;Production;Production, Transportation, and Material Moving;Other;*
PRD-Crushing, Grinding, Polishing, Mixing, And Blending Workers;Production;Production, Transportation, and Material Moving;Other;*
PRD-Cutting Workers;Production;Production, Transportation, and Material Moving;Other;*
PRD-Extruding, Forming, Pressing, And Compacting Machine Setters, Operators, And Tenders;Production;Production, Transportation, and Material Moving;Other;*
PRD-Furnace, Kiln, Oven, Drier, And Kettle Operators And Tenders;Production;Production, Transportation, and Material Moving;Other;*
PRD-Inspectors, Testers, Sorters, Samplers, And Weighers;Production;Production, Transportation, and Material Moving;Other;*
PRD-Jewelers And Precious Stone And Metal Workers;Production;Production, Transportation, and Material Moving;Other;*
PRD-Dental And Ophthalmic Laboratory Technicians And Medical Appliance Technicians;Production;Production, Transportation, and Material Moving;Other;*
PRD-Packaging And Filling Machine Operators And Tenders;Production;Production, Transportation, and Material Moving;Other;*
PRD-Painting Workers;Production;Production, Transportation, and Material Moving;Other;*
PRD-Photographic Process Workers And Processing Machine Operators;Production;Production, Transportation, and Material Moving;Other;*
PRD-Adhesive Bonding Machine Operators And Tenders;Production;Production, Transportation, and Material Moving;Other;*
PRD-Etchers And Engravers;Production;Production, Transportation, and Material Moving;Other;*
PRD-Molders, Shapers, And Casters, Except Metal And Plastic;Production;Production, Transportation, and Material Moving;Other;*
PRD-Paper Goods Machine Setters, Operators, And Tenders;Production;Production, Transportation, and Material Moving;Other;*
PRD-Tire Builders;Production;Production, Transportation, and Material Moving;Other;*
PRD-Helpers-Production Workers;Production;Production, Transportation, and Material Moving;Other;*
PRD-Miscellaneous Production Workers, Including Equipment Operators And Tenders;Production;Production, Transportation, and Material Moving;Other;*
TRN-Supervisors Of Transportation And Material Moving Workers;Transportation and Material Moving;Production, Transportation, and Material Moving;Other;*
TRN-Aircraft Pilots And Flight Engineers;Transportation and Material Moving;Production, Transportation, and Material Moving;Other;*
TRN-Air Traffic Controllers And Airfield Operations Specialists;Transportation and Material Moving;Production, Transportation, and Material Moving;Other;*
TRN-Flight Attendants;Transportation and Material Moving;Production, Transportation, and Material Moving;Other;*
TRN-Ambulance Drivers And Attendants, Except Emergency Medical Technicians;Transportation and Material Moving;Production, Transportation, and Material Moving;Other;*
TRN-Bus Drivers, School;Transportation and Material Moving;Production, Transportation, and Material Moving;Other;*
TRN-Bus Drivers, Transit And Intercity;Transportation and Material Moving;Production, Transportation, and Material Moving;Other;*
TRN-Driver/Sales Workers And Truck Drivers;Transportation and Material Moving;Production, Transportation, and Material Moving;Other;*
TRN-Shuttle Drivers And Chauffeurs;Transportation and Material Moving;Production, Transportation, and Material Moving;Other;*
TRN-Taxi Drivers;Transportation and Material Moving;Production, Transportation, and Material Moving;Other;*
TRN-Motor Vehicle Operators, All Other;Transportation and Material Moving;Production, Transportation, and Material Moving;Other;*
TRN-Locomotive Engineers And Operators;Transportation and Material Moving;Production, Transportation, and Material Moving;Other;*
TRN-Railroad Conductors And Yardmasters;Transportation and Material Moving;Production, Transportation, and Material Moving;Other;*
TRN-Other Rail Transportation Workers;Transportation and Material Moving;Production, Transportation, and Material Moving;Other;*
TRN-Sailors And Marine Oilers, And Ship Engineers;Transportation and Material Moving;Production, Transportation, and Material Moving;Other;*
TRN-Ship And Boat Captains And Operators;Transportation and Material Moving;Production, Transportation, and Material Moving;Other;*
TRN-Parking Lot Attendants;Transportation and Material Moving;Production, Transportation, and Material Moving;Other;*
TRN-Transportation Service Attendants;Transportation and Material Moving;Production, Transportation, and Material Moving;Other;*
TRN-Transportation Inspectors;Transportation and Material Moving;Production, Transportation, and Material Moving;Other;*
TRN-Passenger Attendants;Transportation and Material Moving;Production, Transportation, and Material Moving;Other;*
TRN-Other Transportation Workers;Transportation and Material Moving;Production, Transportation, and Material Moving;Other;*
TRN-Crane And Tower Operators;Transportation and Material Moving;Production, Transportation, and Material Moving;Other;*
TRN-Conveyor, Dredge, And Hoist and Winch Operators;Transportation and Material Moving;Production, Transportation, and Material Moving;Other;*
TRN-Industrial Truck And Tractor Operators;Transportation and Material Moving;Production, Transportation, and Material Moving;Other;*
TRN-Cleaners Of Vehicles And Equipment;Transportation and Material Moving;Production, Transportation, and Material Moving;Other;*
TRN-Laborers And Freight, Stock, And Material Movers, Hand;Transportation and Material Moving;Production, Transportation, and Material Moving;Other;*
TRN-Machine Feeders And Offbearers;Transportation and Material Moving;Production, Transportation, and Material Moving;Other;*
TRN-Packers And Packagers, Hand;Transportation and Material Moving;Production, Transportation, and Material Moving;Other;*
TRN-Stockers And Order Fillers;Transportation and Material Moving;Production, Transportation, and Material Moving;Other;*
TRN-Pumping Station Operators;Transportation and Material Moving;Production, Transportation, and Material Moving;Other;*
TRN-Refuse And Recyclable Material Collectors;Transportation and Material Moving;Production, Transportation, and Material Moving;Other;*
TRN-Other Material Moving Workers;Transportation and Material Moving;Production, Transportation, and Material Moving;Other;*
MIL-Military Officer Special And Tactical Operations Leaders;Military Specific;Military SpecificOther;Other;*
MIL-First-Line Enlisted Military Supervisors;Military Specific;Military SpecificOther;Other;*
MIL-Military Enlisted Tactical Operations And Air/Weapons Specialists And Crew Members;Military Specific;Military SpecificOther;Other;*
MIL-Military, Rank Not Specified;Military Specific;Military SpecificOther;Other;*
Unemployed And Last Worked 5 Years Ago Or Earlier Or Never Worked;Unemployed;UnemployedOther;Other;*